child_table,foreign_key,parent_table,parent_key,parent_per_child,children_per_parent,delete_behavior
AcademicImportJobs,OperationId,ApiOperations,Id,1,0..1,Cascade
AgentRuntimeSignals,RuntimeId,TeamLabRuntimes,Id,1,0..N,Cascade
AgentRuntimeSignals,WorkerNodeId,WorkerNodes,Id,1,0..N,Restrict
ApiOperations,ApiTokenId,ApiTokens,Id,0..1,0..N,Restrict
ApiOperations,ActorUserId,AspNetUsers,Id,0..1,0..N,SetNull
ApiOperations,DeploymentQueueTicketId,DeploymentQueueTickets,Id,0..1,0..N,SetNull
ApiTokenResourceGrants,TokenId,ApiTokens,Id,1,0..N,Cascade
ApiTokenScopeGrants,TokenId,ApiTokens,Id,1,0..N,Cascade
ApiTokens,CreatorId,AspNetUsers,Id,1,0..N,Restrict
AspNetRoleClaims,RoleId,AspNetRoles,Id,1,0..N,Cascade
AspNetUserClaims,UserId,AspNetUsers,Id,1,0..N,Cascade
AspNetUserLogins,UserId,AspNetUsers,Id,1,0..N,Cascade
AspNetUserRoles,RoleId,AspNetRoles,Id,1,0..N,Cascade
AspNetUserRoles,UserId,AspNetUsers,Id,1,0..N,Cascade
AspNetUserTokens,UserId,AspNetUsers,Id,1,0..N,Cascade
Attachments,LocalFileId,Files,Id,0..1,0..N,SetNull
AwdpCheckerTasks,RoundId,AwdpRounds,Id,1,0..N,Cascade
AwdpCheckerTasks,ServiceId,AwdpServices,Id,1,0..N,Cascade
AwdpCheckerTasks,TeamId,Teams,Id,1,0..N,Cascade
AwdpFlags,SubmittedByUserId,AspNetUsers,Id,0..1,0..N,SetNull
AwdpFlags,RoundId,AwdpRounds,Id,1,0..N,Cascade
AwdpFlags,ServiceId,AwdpServices,Id,1,0..N,Cascade
AwdpFlags,SubmittedByTeamId,Teams,Id,0..1,0..N,SetNull
AwdpFlags,TeamId,Teams,Id,1,0..N,Cascade
AwdpPatchSubmissions,RoundId,AwdpRounds,Id,1,0..N,Cascade
AwdpPatchSubmissions,ServiceId,AwdpServices,Id,1,0..N,Cascade
AwdpPatchSubmissions,TeamId,Teams,Id,1,0..N,Cascade
AwdpRecoveryRecords,ServiceId,AwdpServices,Id,1,0..N,Cascade
AwdpRecoveryRecords,TeamId,Teams,Id,1,0..N,Cascade
AwdpResetRecords,ServiceId,AwdpServices,Id,1,0..N,Cascade
AwdpResetRecords,TeamId,Teams,Id,1,0..N,Cascade
AwdpRounds,GameId,Games,Id,1,0..N,Cascade
AwdpServiceInstances,ServiceId,AwdpServices,Id,1,0..N,Cascade
AwdpServiceInstances,ContainerId,Containers,Id,0..1,0..N,SetNull
AwdpServiceInstances,TeamId,Teams,Id,1,0..N,Cascade
AwdpServices,GameId,Games,Id,1,0..N,Cascade
BootstrapProfileDistributions,ProfileVersionId,BootstrapProfileVersions,Id,1,0..N,Cascade
BootstrapProfileDistributions,WorkerNodeId,WorkerNodes,Id,1,0..N,Cascade
BootstrapProfileOperationJobs,OperationId,ApiOperations,Id,1,0..1,Cascade
BootstrapProfileVersions,CreatedById,AspNetUsers,Id,1,0..N,Restrict
BootstrapProfileVersions,ProfileId,BootstrapProfiles,Id,1,0..N,Cascade
BootstrapProfiles,CreatedById,AspNetUsers,Id,1,0..N,Restrict
ChallengeMutationJobs,OperationId,ApiOperations,Id,1,0..1,Cascade
ChallengeMutationJobs,GameId,Games,Id,1,0..N,Cascade
CheatInfo,GameId,Games,Id,1,0..N,Cascade
CheatInfo,SourceTeamId,Participations,Id,1,0..N,Cascade
CheatInfo,SubmitTeamId,Participations,Id,1,0..N,Cascade
CheatInfo,SubmissionId,Submissions,Id,1,0..1,Cascade
Containers,NodeId,WorkerNodes,Id,0..1,0..N,ClientSetNull (EF default)
DeploymentQueueTickets,TargetNodeId,WorkerNodes,Id,0..1,0..N,SetNull
DivisionChallengeConfig,DivisionId,Divisions,Id,1,0..N,Cascade
DivisionChallengeConfig,ChallengeId,GameChallenges,Id,1,0..N,Cascade
Divisions,GameId,Games,Id,1,0..N,Cascade
DockerRegistryMigrationItems,TaskId,DockerRegistryMigrationTasks,Id,1,0..N,Cascade
DockerRegistryMigrationItems,ImageTemplateId,ImageTemplates,Id,1,0..N,Cascade
DockerRegistryMigrationTasks,TargetNodeId,WorkerNodes,Id,1,0..N,Cascade
ExerciseChallenges,AttachmentId,Attachments,Id,0..1,0..N,SetNull
ExerciseChallenges,TestContainerId,Containers,Id,0..1,0..N,SetNull
ExerciseChallenges,ImageTemplateId,ImageTemplates,Id,0..1,0..N,ClientSetNull (EF default)
ExerciseChallenges,TrainingCourseId,TrainingCourses,Id,0..1,0..N,SetNull
ExerciseDependencies,SourceId,ExerciseChallenges,Id,1,0..N,Cascade
ExerciseDependencies,TargetId,ExerciseChallenges,Id,1,0..N,Cascade
ExerciseInstances,UserId,AspNetUsers,Id,1,0..N,Cascade
ExerciseInstances,ContainerId,Containers,Id,0..1,0..N,ClientSetNull (EF default)
ExerciseInstances,ExerciseId,ExerciseChallenges,Id,1,0..N,Cascade
ExerciseInstances,FlagId,FlagContexts,Id,0..1,0..N,SetNull
ExerciseMutationJobs,OperationId,ApiOperations,Id,1,0..1,Cascade
ExerciseMutationJobs,ExerciseId,ExerciseChallenges,Id,0..1,0..N,SetNull
ExerciseSubmissions,UserId,AspNetUsers,Id,1,0..N,Cascade
ExerciseSubmissions,ExerciseChallengeId,ExerciseChallenges,Id,1,0..N,Cascade
ExerciseSubmissions,FlagId,FlagContexts,Id,0..1,0..N,SetNull
ExternalApiRequestAudits,OperationId,ApiOperations,Id,0..1,0..N,SetNull
ExternalApiRequestAudits,ApiTokenId,ApiTokens,Id,0..1,0..N,SetNull
ExternalApiRequestAudits,ActorUserId,AspNetUsers,Id,0..1,0..N,SetNull
FirstSolves,FlagId,FlagContexts,Id,1,0..N,Cascade
FirstSolves,ChallengeId,GameChallenges,Id,1,0..N,Cascade
FirstSolves,ParticipationId,Participations,Id,1,0..N,Cascade
FirstSolves,SubmissionId,Submissions,Id,1,0..1,Cascade
FlagContexts,AttachmentId,Attachments,Id,0..1,0..N,SetNull
FlagContexts,ExerciseId,ExerciseChallenges,Id,0..1,0..N,ClientSetNull (EF default)
FlagContexts,ChallengeId,GameChallenges,Id,0..1,0..N,Cascade
FlagContexts,GameChallengeId,GameChallenges,Id,0..1,0..N,ClientSetNull (EF default)
FleetCapacityReservations,DeploymentQueueTicketId,DeploymentQueueTickets,Id,1,0..N,Cascade
FleetCapacityReservations,WorkerNodeId,WorkerNodes,Id,1,0..N,Restrict
GameChallenges,AttachmentId,Attachments,Id,0..1,0..N,SetNull
GameChallenges,TestContainerId,Containers,Id,0..1,0..N,SetNull
GameChallenges,GameId,Games,Id,1,0..N,Cascade
GameChallenges,ImageTemplateId,ImageTemplates,Id,0..1,0..N,ClientSetNull (EF default)
GameEvents,UserId,AspNetUsers,Id,0..1,0..N,ClientSetNull (EF default)
GameEvents,GameId,Games,Id,1,0..N,Cascade
GameEvents,TeamId,Teams,Id,1,0..N,Cascade
GameInstances,ContainerId,Containers,Id,0..1,0..1,ClientSetNull (EF default)
GameInstances,FlagId,FlagContexts,Id,0..1,0..N,SetNull
GameInstances,ChallengeId,GameChallenges,Id,1,0..N,Cascade
GameInstances,ParticipationId,Participations,Id,1,0..N,Cascade
GameNotices,GameId,Games,Id,1,0..N,Cascade
GamePhases,GameId,Games,Id,1,0..N,Cascade
Games,OwnerId,AspNetUsers,Id,0..1,0..N,SetNull
ImageDistributionRecords,ImageTemplateId,ImageTemplates,Id,1,0..N,Cascade
ImageDistributionRecords,WorkerNodeId,WorkerNodes,Id,1,0..N,Cascade
ImageDistributionReferences,DistributionRecordId,ImageDistributionRecords,Id,1,0..N,Cascade
ImageImportJobs,OperationId,ApiOperations,Id,1,0..1,Cascade
ImageImportJobs,CreatedById,AspNetUsers,Id,0..1,0..N,SetNull
ImageImportJobs,ImageTemplateId,ImageTemplates,Id,0..1,0..N,SetNull
ImageTemplateCapabilityCertifications,CertifiedById,AspNetUsers,Id,1,0..N,Restrict
ImageTemplateCapabilityCertifications,ImageTemplateId,ImageTemplates,Id,1,0..N,Cascade
ImageTemplateCapabilityCertifications,WorkerNodeId,WorkerNodes,Id,0..1,0..N,SetNull
ImageTemplateCertificationJobs,OperationId,ApiOperations,Id,1,0..1,Cascade
ImageTemplateRemoteAccesses,ImageTemplateId,ImageTemplates,Id,1,0..1,Cascade
ImageTemplates,CreatedById,AspNetUsers,Id,0..1,0..N,SetNull
ImageTemplates,PreparedArtifactId,VmPreparedArtifacts,Id,0..1,0..1,Restrict
Participations,DivisionId,Divisions,Id,0..1,0..N,SetNull
Participations,WriteupId,Files,Id,0..1,0..N,ClientSetNull (EF default)
Participations,GameId,Games,Id,1,0..N,Cascade
Participations,TeamId,Teams,Id,1,0..N,Cascade
PenetrationGameLabBindings,GameId,Games,Id,1,0..1,Cascade
PenetrationGameLabBindings,ActiveRolloutId,TeamLabRollouts,Id,0..1,0..N,SetNull
PenetrationGameLabBindings,TopologyId,TeamLabTopologies,Id,1,0..N,Restrict
PenetrationGameLabBindings,ActiveReleaseId,TeamLabTopologyReleases,Id,0..1,0..N,Restrict
PenetrationObjectives,GameId,Games,Id,1,0..N,Cascade
PenetrationResetRecords,UserId,AspNetUsers,Id,0..1,0..N,SetNull
PenetrationResetRecords,RuntimeId,TeamLabRuntimes,Id,1,0..N,Cascade
PenetrationSubmissions,UserId,AspNetUsers,Id,1,0..N,Cascade
PenetrationSubmissions,GameId,Games,Id,1,0..N,Cascade
PenetrationSubmissions,ParticipationId,Participations,Id,1,0..N,Cascade
PenetrationSubmissions,ObjectiveId,PenetrationObjectives,Id,1,0..N,Restrict
PenetrationSubmissions,TeamId,Teams,Id,1,0..N,Cascade
PenetrationTeamLabOperatorGrants,GrantedByUserId,AspNetUsers,Id,1,0..N,Restrict
PenetrationTeamLabOperatorGrants,UserId,AspNetUsers,Id,1,0..N,Restrict
PenetrationTeamLabOperatorGrants,GameId,Games,Id,1,0..N,Cascade
PenetrationTeamRuntimeBindings,GameId,Games,Id,1,0..N,Cascade
PenetrationTeamRuntimeBindings,RuntimeId,TeamLabRuntimes,Id,1,0..1,Cascade
PenetrationTeamRuntimeBindings,TeamId,Teams,Id,1,0..N,Cascade
Posts,AuthorId,AspNetUsers,Id,0..1,0..N,SetNull
StudentGroupManagers,AddedById,AspNetUsers,Id,0..1,0..N,SetNull
StudentGroupManagers,ManagerId,AspNetUsers,Id,1,0..N,Cascade
StudentGroupManagers,GroupId,StudentGroups,Id,1,0..N,Cascade
StudentGroupMembers,AddedById,AspNetUsers,Id,0..1,0..N,SetNull
StudentGroupMembers,StudentId,AspNetUsers,Id,1,0..N,Cascade
StudentGroupMembers,GroupId,StudentGroups,Id,1,0..N,Cascade
StudentGroups,CreatedById,AspNetUsers,Id,0..1,0..N,SetNull
Submissions,ReviewedById,AspNetUsers,Id,0..1,0..N,SetNull
Submissions,UserId,AspNetUsers,Id,0..1,0..N,SetNull
Submissions,FlagId,FlagContexts,Id,0..1,0..N,SetNull
Submissions,ChallengeId,GameChallenges,Id,1,0..N,Cascade
Submissions,GameId,Games,Id,1,0..N,Cascade
Submissions,ParticipationId,Participations,Id,1,0..N,Cascade
Submissions,TeamId,Teams,Id,1,0..N,Cascade
TeamJoinRequests,ReviewedById,AspNetUsers,Id,0..1,0..N,SetNull
TeamJoinRequests,UserId,AspNetUsers,Id,1,0..N,Cascade
TeamJoinRequests,TeamId,Teams,Id,1,0..N,Cascade
TeamLabAccessGrants,ApiOperationId,ApiOperations,Id,0..1,0..1,SetNull
TeamLabAccessGrants,RuntimeId,TeamLabRuntimes,Id,1,0..N,Cascade
TeamLabConnectorLeases,ConnectorId,TeamLabConnectors,Id,1,0..N,Restrict
TeamLabConnectorLeases,RuntimeId,TeamLabRuntimes,Id,1,0..N,Restrict
TeamLabConnectors,ControlScopeId,TeamLabControlScopes,Id,0..1,0..N,Restrict
TeamLabEvents,RuntimeId,TeamLabRuntimes,Id,0..1,0..N,Cascade
TeamLabExecutionPlanSnapshots,ShardId,TeamLabRuntimeShards,Id,1,0..N,Cascade
TeamLabExecutionPlanSnapshots,RuntimeId,TeamLabRuntimes,Id,1,0..N,Cascade
TeamLabFabricLinkLeases,ShardId,TeamLabRuntimeShards,Id,1,0..N,Cascade
TeamLabFabricLinkLeases,RuntimeId,TeamLabRuntimes,Id,1,0..N,Cascade
TeamLabFabricLinkLeases,WorkerNodeId,WorkerNodes,Id,1,0..N,Restrict
TeamLabLinkPolicies,RuntimeId,TeamLabRuntimes,Id,1,0..N,Restrict
TeamLabNetworkLeases,RuntimeId,TeamLabRuntimes,Id,1,0..N,Cascade
TeamLabNetworkLeases,TopologyReleaseId,TeamLabTopologyReleases,Id,1,0..N,Restrict
TeamLabObservationCursors,RuntimeId,TeamLabRuntimes,Id,1,0..N,Cascade
TeamLabObservationCursors,WorkerNodeId,WorkerNodes,Id,1,0..N,Restrict
TeamLabObservationPoints,AssetId,TeamLabRuntimeAssets,Id,0..1,0..N,Cascade
TeamLabObservationPoints,InfrastructureFragmentId,TeamLabRuntimeInfrastructureFragments,Id,0..1,0..N,Cascade
TeamLabObservationPoints,NetworkId,TeamLabRuntimeNetworks,Id,0..1,0..N,Cascade
TeamLabObservationPoints,ShardId,TeamLabRuntimeShards,Id,0..1,0..N,Cascade
TeamLabObservationPoints,RuntimeId,TeamLabRuntimes,Id,1,0..N,Cascade
TeamLabObservationPoints,WorkerNodeId,WorkerNodes,Id,1,0..N,Restrict
TeamLabPublicUdpMappings,RuntimeId,TeamLabRuntimes,Id,1,0..1,Cascade
TeamLabRemoteAuditFiles,SessionId,TeamLabRemoteSessions,Id,1,0..N,Restrict
TeamLabRemoteSessions,RequestedByUserId,AspNetUsers,Id,1,0..N,Restrict
TeamLabRemoteSessions,RuntimeAssetId,TeamLabRuntimeAssets,Id,1,0..N,Restrict
TeamLabRemoteSessions,RuntimeId,TeamLabRuntimes,Id,1,0..N,Restrict
TeamLabRemoteSessions,WorkerNodeId,WorkerNodes,Id,1,0..N,Restrict
TeamLabRolloutTargets,RolloutId,TeamLabRollouts,Id,1,0..N,Cascade
TeamLabRolloutTargets,RuntimeId,TeamLabRuntimes,Id,0..1,0..N,SetNull
TeamLabRollouts,ControlScopeId,TeamLabControlScopes,Id,0..1,0..N,Restrict
TeamLabRollouts,ReleaseId,TeamLabTopologyReleases,Id,1,0..N,Restrict
TeamLabRuntimeAssets,ShardId,TeamLabRuntimeShards,Id,0..1,0..N,SetNull
TeamLabRuntimeAssets,RuntimeId,TeamLabRuntimes,Id,1,0..N,Cascade
TeamLabRuntimeAssets,WorkerNodeId,WorkerNodes,Id,0..1,0..N,SetNull
TeamLabRuntimeDependencyStates,RuntimeId,TeamLabRuntimes,Id,1,0..N,Cascade
TeamLabRuntimeInfrastructure,RuntimeId,TeamLabRuntimes,Id,1,0..N,Cascade
TeamLabRuntimeInfrastructureFragments,InfrastructureId,TeamLabRuntimeInfrastructure,Id,1,0..N,Cascade
TeamLabRuntimeInfrastructureFragments,ShardId,TeamLabRuntimeShards,Id,1,0..N,Cascade
TeamLabRuntimeInfrastructureFragments,WorkerNodeId,WorkerNodes,Id,1,0..N,Restrict
TeamLabRuntimeNetworks,NetworkLeaseId,TeamLabNetworkLeases,Id,0..1,0..1,Restrict
TeamLabRuntimeNetworks,ShardId,TeamLabRuntimeShards,Id,0..1,0..N,SetNull
TeamLabRuntimeNetworks,RuntimeId,TeamLabRuntimes,Id,1,0..N,Cascade
TeamLabRuntimeNetworks,WorkerNodeId,WorkerNodes,Id,0..1,0..N,SetNull
TeamLabRuntimeOperationJobs,OperationId,ApiOperations,Id,1,0..1,Cascade
TeamLabRuntimeOperationJobs,RuntimeId,TeamLabRuntimes,Id,0..1,0..N,SetNull
TeamLabRuntimeSecretEnvelopes,RuntimeId,TeamLabRuntimes,Id,1,0..N,Cascade
TeamLabRuntimeShards,RuntimeId,TeamLabRuntimes,Id,1,0..N,Cascade
TeamLabRuntimeShards,WorkerNodeId,WorkerNodes,Id,1,0..N,Restrict
TeamLabRuntimes,CreatedById,AspNetUsers,Id,0..1,0..N,SetNull
TeamLabRuntimes,ControlScopeId,TeamLabControlScopes,Id,0..1,0..N,Restrict
TeamLabRuntimes,EntryShardId,TeamLabRuntimeShards,Id,0..1,0..N,SetNull
TeamLabRuntimes,TopologyReleaseId,TeamLabTopologyReleases,Id,1,0..N,Restrict
TeamLabTopologies,CreatedByOperationId,ApiOperations,Id,0..1,0..1,SetNull
TeamLabTopologies,LastMutationOperationId,ApiOperations,Id,0..1,0..1,SetNull
TeamLabTopologies,OwnerUserId,AspNetUsers,Id,0..1,0..N,SetNull
TeamLabTopologies,ControlScopeId,TeamLabControlScopes,Id,0..1,0..N,Restrict
TeamLabTopologyAssets,ImageTemplateId,ImageTemplates,Id,0..1,0..N,Restrict
TeamLabTopologyAssets,DevicePackageId,TeamLabDevicePackages,Id,0..1,0..N,Restrict
TeamLabTopologyAssets,TopologyId,TeamLabTopologies,Id,1,0..N,Cascade
TeamLabTopologyConnections,TopologyId,TeamLabTopologies,Id,1,0..N,Cascade
TeamLabTopologyInterfaces,AssetId,TeamLabTopologyAssets,Id,1,0..N,Cascade
TeamLabTopologyInterfaces,NetworkId,TeamLabTopologyNetworks,Id,1,0..N,Restrict
TeamLabTopologyNetworks,TopologyId,TeamLabTopologies,Id,1,0..N,Cascade
TeamLabTopologyReleases,ApiOperationId,ApiOperations,Id,0..1,0..1,SetNull
TeamLabTopologyReleases,PublishedById,AspNetUsers,Id,0..1,0..N,SetNull
TeamLabTopologyReleases,ControlScopeId,TeamLabControlScopes,Id,0..1,0..N,Restrict
TeamLabTopologyReleases,TopologyId,TeamLabTopologies,Id,1,0..N,Cascade
TeamLabTrafficCaptureJobs,ApiOperationId,ApiOperations,Id,0..1,0..1,SetNull
TeamLabTrafficCaptureJobs,RuntimeId,TeamLabRuntimes,Id,1,0..N,Cascade
TeamLabTrafficCaptureSegments,ObservationPointId,TeamLabObservationPoints,Id,1,0..N,Restrict
TeamLabTrafficCaptureSegments,CaptureJobId,TeamLabTrafficCaptureJobs,Id,1,0..N,Cascade
TeamLabTrafficCaptureSegments,WorkerNodeId,WorkerNodes,Id,1,0..N,Restrict
TeamLabTrafficCorrelationCursors,RuntimeId,TeamLabRuntimes,Id,1,0..N,Cascade
TeamLabTrafficFlows,NetworkId,TeamLabRuntimeNetworks,Id,0..1,0..N,SetNull
TeamLabTrafficFlows,ShardId,TeamLabRuntimeShards,Id,0..1,0..N,SetNull
TeamLabTrafficFlows,RuntimeId,TeamLabRuntimes,Id,1,0..N,Cascade
TeamLabTrafficFlows,WorkerNodeId,WorkerNodes,Id,0..1,0..N,SetNull
TeamLabTrafficObservations,ObservationPointId,TeamLabObservationPoints,Id,1,0..N,Cascade
TeamLabTrafficObservations,RuntimeId,TeamLabRuntimes,Id,1,0..N,Cascade
TeamLabTrafficObservations,WorkerNodeId,WorkerNodes,Id,1,0..N,Restrict
TeamLabTrafficPathHops,ObservationPointId,TeamLabObservationPoints,Id,1,0..N,Cascade
TeamLabTrafficPathHops,ObservationId,TeamLabTrafficObservations,Id,0..1,0..N,SetNull
TeamLabTrafficPathHops,PathId,TeamLabTrafficPaths,Id,1,0..N,Cascade
TeamLabTrafficPaths,RuntimeId,TeamLabRuntimes,Id,1,0..N,Cascade
TeamLabVpnPeerRuntimes,RuntimeId,TeamLabRuntimes,Id,1,0..N,Cascade
TeamLabWebhookDeliveryFailures,SubscriptionId,TeamLabWebhookSubscriptions,Id,1,0..N,Cascade
TeamLabWebhookSubscriptions,ControlScopeId,TeamLabControlScopes,Id,1,0..N,Restrict
TeamUserInfo,MembersId,AspNetUsers,Id,1,0..N,Cascade
TeamUserInfo,TeamsId,Teams,Id,1,0..N,Cascade
Teams,CaptainId,AspNetUsers,Id,1,0..N,Cascade
TheoryAnswerSheets,UserId,AspNetUsers,Id,1,0..N,Cascade
TheoryAnswerSheets,GameId,Games,Id,1,0..N,Cascade
TheoryAnswerSheets,ParticipationId,Participations,Id,1,0..N,Cascade
TheoryAnswerSheets,PaperId,TheoryPapers,Id,1,0..N,Cascade
TheoryPaperQuestions,PaperId,TheoryPapers,Id,1,0..N,Cascade
TheoryPaperQuestions,SourceQuestionId,TheoryQuestionBankItems,Id,0..1,0..N,SetNull
TheoryPapers,GameId,Games,Id,1,0..1,Cascade
TheoryQuestionTagBindings,QuestionId,TheoryQuestionBankItems,Id,1,0..N,Cascade
TheoryQuestionTagBindings,TagId,TheoryQuestionTags,Id,1,0..N,Cascade
TheorySubmissionAnswers,AnswerSheetId,TheoryAnswerSheets,Id,1,0..N,Cascade
TheorySubmissionAnswers,PaperQuestionId,TheoryPaperQuestions,Id,1,0..N,Cascade
TrainingChapterProgresses,UserId,AspNetUsers,Id,1,0..N,Cascade
TrainingChapterProgresses,ChapterId,TrainingCourseChapters,Id,1,0..N,Cascade
TrainingCheckIns,UserId,AspNetUsers,Id,1,0..N,Cascade
TrainingCourseChallenges,CreatedById,AspNetUsers,Id,0..1,0..N,SetNull
TrainingCourseChallenges,ExerciseChallengeId,ExerciseChallenges,Id,1,0..N,Cascade
TrainingCourseChallenges,CourseId,TrainingCourses,Id,1,0..N,Cascade
TrainingCourseChapterChallenges,"CourseId, ExerciseChallengeId",TrainingCourseChallenges,"CourseId, ExerciseChallengeId",1,0..N,Cascade
TrainingCourseChapterChallenges,ChapterId,TrainingCourseChapters,Id,1,0..N,Cascade
TrainingCourseChapterTheoryAnswers,PaperQuestionId,TrainingCourseChapterTheoryQuestions,Id,1,0..N,Cascade
TrainingCourseChapterTheoryAnswers,SheetId,TrainingCourseChapterTheorySheets,Id,1,0..N,Cascade
TrainingCourseChapterTheoryPapers,UpdatedById,AspNetUsers,Id,0..1,0..N,SetNull
TrainingCourseChapterTheoryPapers,ChapterId,TrainingCourseChapters,Id,1,0..1,Cascade
TrainingCourseChapterTheoryPapers,CourseId,TrainingCourses,Id,1,0..N,Cascade
TrainingCourseChapterTheoryQuestions,PaperId,TrainingCourseChapterTheoryPapers,Id,1,0..N,Cascade
TrainingCourseChapterTheoryQuestions,SourceQuestionId,TrainingCourseTheoryQuestions,Id,0..1,0..N,SetNull
TrainingCourseChapterTheorySheets,UserId,AspNetUsers,Id,1,0..N,Cascade
TrainingCourseChapterTheorySheets,PaperId,TrainingCourseChapterTheoryPapers,Id,1,0..N,Cascade
TrainingCourseChapterTheorySheets,ChapterId,TrainingCourseChapters,Id,1,0..N,Cascade
TrainingCourseChapterTheorySheets,CourseId,TrainingCourses,Id,1,0..N,Cascade
TrainingCourseChapters,CreatedById,AspNetUsers,Id,0..1,0..N,SetNull
TrainingCourseChapters,UpdatedById,AspNetUsers,Id,0..1,0..N,SetNull
TrainingCourseChapters,VideoFileId,Files,Id,0..1,0..N,SetNull
TrainingCourseChapters,ParentId,TrainingCourseChapters,Id,0..1,0..N,Restrict
TrainingCourseChapters,CourseId,TrainingCourses,Id,1,0..N,Cascade
TrainingCourseEnrollments,ReviewedById,AspNetUsers,Id,0..1,0..N,SetNull
TrainingCourseEnrollments,UserId,AspNetUsers,Id,1,0..N,Cascade
TrainingCourseEnrollments,CourseId,TrainingCourses,Id,1,0..N,Cascade
TrainingCourseImageTemplateBindings,AddedById,AspNetUsers,Id,0..1,0..N,SetNull
TrainingCourseImageTemplateBindings,ImageTemplateId,ImageTemplates,Id,1,0..N,Restrict
TrainingCourseImageTemplateBindings,CourseId,TrainingCourses,Id,1,0..N,Cascade
TrainingCourseProgresses,UserId,AspNetUsers,Id,1,0..N,Cascade
TrainingCourseProgresses,CourseId,TrainingCourses,Id,1,0..N,Cascade
TrainingCourseResources,CreatedById,AspNetUsers,Id,0..1,0..N,SetNull
TrainingCourseResources,LocalFileId,Files,Id,0..1,0..N,SetNull
TrainingCourseResources,CourseId,TrainingCourses,Id,1,0..N,Cascade
TrainingCourseSubmissions,UserId,AspNetUsers,Id,1,0..N,Cascade
TrainingCourseSubmissions,ExerciseChallengeId,ExerciseChallenges,Id,1,0..N,Cascade
TrainingCourseSubmissions,FlagId,FlagContexts,Id,0..1,0..N,SetNull
TrainingCourseSubmissions,ChapterId,TrainingCourseChapters,Id,0..1,0..N,SetNull
TrainingCourseSubmissions,CourseId,TrainingCourses,Id,1,0..N,Cascade
TrainingCourseTeachers,AssignedById,AspNetUsers,Id,0..1,0..N,SetNull
TrainingCourseTeachers,TeacherId,AspNetUsers,Id,1,0..N,Cascade
TrainingCourseTeachers,CourseId,TrainingCourses,Id,1,0..N,Cascade
TrainingCourseTheoryQuestions,CreatedById,AspNetUsers,Id,0..1,0..N,SetNull
TrainingCourseTheoryQuestions,UpdatedById,AspNetUsers,Id,0..1,0..N,SetNull
TrainingCourseTheoryQuestions,CourseId,TrainingCourses,Id,1,0..N,Cascade
TrainingCourses,CreatedById,AspNetUsers,Id,0..1,0..N,SetNull
TrainingCourses,UpdatedById,AspNetUsers,Id,0..1,0..N,SetNull
UserParticipations,UserId,AspNetUsers,Id,1,0..N,Cascade
UserParticipations,GameId,Games,Id,1,0..N,Cascade
UserParticipations,ParticipationId,Participations,Id,1,0..N,Cascade
UserParticipations,TeamId,Teams,Id,1,0..N,Cascade
VmInstances,ChallengeId,GameChallenges,Id,1,0..N,Cascade
VmInstances,NodeId,WorkerNodes,Id,0..1,0..N,ClientSetNull (EF default)
WorkerNodeMetricSamples,WorkerNodeId,WorkerNodes,Id,1,0..N,Cascade
